{
  "state": {
    "isStdOutTTY": true,
    "isStdErrTTY": true,
    "testRunDurationMs": 241103.703
  },
  "metrics": {
    "http_req_sending": {
      "contains": "time",
      "values": {
        "p(90)": 0.043,
        "p(95)": 0.048,
        "avg": 0.028363402614099423,
        "min": 0.003,
        "med": 0.024,
        "max": 2.077
      },
      "type": "trend"
    },
    "latency": {
      "type": "trend",
      "contains": "default",
      "values": {
        "med": 152.844,
        "max": 946.059,
        "p(90)": 169.3024,
        "p(95)": 178.3776,
        "avg": 155.80108035140316,
        "min": 124.704
      }
    },
    "data_received": {
      "type": "counter",
      "contains": "data",
      "values": {
        "count": 16488751,
        "rate": 68388.62611745122
      }
    },
    "http_reqs": {
      "type": "counter",
      "contains": "default",
      "values": {
        "count": 4667,
        "rate": 19.35681593409621
      }
    },
    "http_req_waiting": {
      "type": "trend",
      "contains": "time",
      "values": {
        "max": 945.902,
        "p(90)": 169.1902,
        "p(95)": 178.2919,
        "avg": 155.6830289265052,
        "min": 124.632,
        "med": 152.729
      }
    },
    "http_req_receiving": {
      "type": "trend",
      "contains": "time",
      "values": {
        "p(90)": 0.15,
        "p(95)": 0.174,
        "avg": 0.08968802228412237,
        "min": 0.011,
        "med": 0.072,
        "max": 6.339
      }
    },
    "checks": {
      "type": "rate",
      "contains": "default",
      "values": {
        "rate": 0.9999464323976859,
        "passes": 18667,
        "fails": 1
      }
    },
    "http_req_duration": {
      "type": "trend",
      "contains": "time",
      "values": {
        "p(90)": 169.3024,
        "p(95)": 178.3776,
        "avg": 155.80108035140316,
        "min": 124.704,
        "med": 152.844,
        "max": 946.059
      },
      "thresholds": {
        "p(95)<600": {
          "ok": true
        }
      }
    },
    "http_req_blocked": {
      "type": "trend",
      "contains": "time",
      "values": {
        "avg": 0.012376473109063894,
        "min": 0.001,
        "med": 0.007,
        "max": 2.22,
        "p(90)": 0.013,
        "p(95)": 0.015
      }
    },
    "iteration_duration": {
      "type": "trend",
      "contains": "time",
      "values": {
        "avg": 1157.3954323674684,
        "min": 1125.649792,
        "med": 1154.487959,
        "max": 1949.302833,
        "p(90)": 1171.2484332,
        "p(95)": 1179.7660123
      }
    },
    "http_req_tls_handshaking": {
      "type": "trend",
      "contains": "time",
      "values": {
        "p(95)": 0,
        "avg": 0,
        "min": 0,
        "med": 0,
        "max": 0,
        "p(90)": 0
      }
    },
    "data_sent": {
      "type": "counter",
      "contains": "data",
      "values": {
        "count": 710658,
        "rate": 2947.5200553016807
      }
    },
    "vus": {
      "type": "gauge",
      "contains": "default",
      "values": {
        "value": 1,
        "min": 1,
        "max": 30
      }
    },
    "errors": {
      "type": "rate",
      "contains": "default",
      "values": {
        "rate": 0,
        "passes": 0,
        "fails": 4667
      },
      "thresholds": {
        "rate<0.05": {
          "ok": true
        }
      }
    },
    "vus_max": {
      "values": {
        "value": 30,
        "min": 30,
        "max": 30
      },
      "type": "gauge",
      "contains": "default"
    },
    "iterations": {
      "type": "counter",
      "contains": "default",
      "values": {
        "count": 4667,
        "rate": 19.35681593409621
      }
    },
    "http_req_failed": {
      "values": {
        "rate": 0,
        "passes": 0,
        "fails": 4667
      },
      "thresholds": {
        "rate<0.05": {
          "ok": true
        }
      },
      "type": "rate",
      "contains": "default"
    },
    "http_req_duration{expected_response:true}": {
      "contains": "time",
      "values": {
        "p(90)": 169.3024,
        "p(95)": 178.3776,
        "avg": 155.80108035140316,
        "min": 124.704,
        "med": 152.844,
        "max": 946.059
      },
      "type": "trend"
    },
    "http_req_connecting": {
      "type": "trend",
      "contains": "time",
      "values": {
        "p(95)": 0,
        "avg": 0.0023036211699164347,
        "min": 0,
        "med": 0,
        "max": 0.611,
        "p(90)": 0
      }
    }
  },
  "root_group": {
    "name": "",
    "path": "",
    "id": "d41d8cd98f00b204e9800998ecf8427e",
    "groups": [],
    "checks": [
        {
          "passes": 4667,
          "fails": 0,
          "name": "getNearbyRunners - status 200",
          "path": "::getNearbyRunners - status 200",
          "id": "53e5f77a8fa9096f4d1f2e94e2854300"
        },
        {
          "id": "99dcf9d9d416148ed8198c78906b9498",
          "passes": 4666,
          "fails": 1,
          "name": "getNearbyRunners - latency < 600ms",
          "path": "::getNearbyRunners - latency < 600ms"
        },
        {
          "fails": 0,
          "name": "getNearbyRunners - has runners array",
          "path": "::getNearbyRunners - has runners array",
          "id": "ee03bab53a38babc57b349222adb60b3",
          "passes": 4667
        },
        {
          "path": "::getNearbyRunners - includes distance calculations",
          "id": "02d945a62eaf78be58076982b615b505",
          "passes": 4667,
          "fails": 0,
          "name": "getNearbyRunners - includes distance calculations"
        }
      ]
  },
  "options": {
    "summaryTrendStats": [
      "avg",
      "min",
      "med",
      "max",
      "p(90)",
      "p(95)"
    ],
    "summaryTimeUnit": "",
    "noColor": false
  }
}